nombre,popularidad,genero,cantidad_albumes,mejor_pista,album_mejor_pista,a√±o_mejor_pista
Pinky SD,77,cuarteto,41,Si No Es Muy Tarde - Versi√≥n Cumbia,Si No Es Muy Tarde - Versi√≥n Cumbia,2025
Pinky SD,77,cumbia,41,Si No Es Muy Tarde - Versi√≥n Cumbia,Si No Es Muy Tarde - Versi√≥n Cumbia,2025
Emilia,79,argentine trap,3,blackout üßä,blackout üßä,2025
Rauw Alejandro,91,reggaeton,8,Qu√© Pasar√≠a...,Cosa Nuestra,2024
Rauw Alejandro,91,urbano latino,8,Qu√© Pasar√≠a...,Cosa Nuestra,2024
Rauw Alejandro,91,trap latino,8,Qu√© Pasar√≠a...,Cosa Nuestra,2024
Rauw Alejandro,91,latin,8,Qu√© Pasar√≠a...,Cosa Nuestra,2024
Feid,89,reggaeton,10,LUNA,FERXXOCALIPSIS,2023
Feid,89,urbano latino,10,LUNA,FERXXOCALIPSIS,2023
Maria Becerra,79,argentine trap,2,RAMEN PARA DOS,RAMEN PARA DOS,2025
Ozuna,88,reggaeton,9,Se Prepar√≥,Odisea,2017
Ozuna,88,trap latino,9,Se Prepar√≥,Odisea,2017
Ozuna,88,latin,9,Se Prepar√≥,Odisea,2017
Ozuna,88,urbano latino,9,Se Prepar√≥,Odisea,2017
TINI,79,latin pop,7,blackout üßä,blackout üßä,2025
Lady Gaga,94,art pop,17,Die With A Smile,MAYHEM,2025
Lady Gaga,94,pop,17,Die With A Smile,MAYHEM,2025
Babasonicos,71,argentine rock,24,Como Eran Las Cosas,Mucho,2008
Babasonicos,71,rock en espa√±ol,24,Como Eran Las Cosas,Mucho,2008
Babasonicos,71,latin rock,24,Como Eran Las Cosas,Mucho,2008
Babasonicos,71,latin alternative,24,Como Eran Las Cosas,Mucho,2008
Drake,97,rap,18,NOKIA,$ome $exy $ongs 4 U,2025
Shakira,88,latin pop,19,Hips Don't Lie (feat. Wyclef Jean),"Oral Fixation, Vol. 2 (Expanded Edition)",2005
La T y La M,71,cumbia,3,Amor de Vago,Amor de Vago,2024
La T y La M,71,cuarteto,3,Amor de Vago,Amor de Vago,2024
La T y La M,71,rkt,3,Amor de Vago,Amor de Vago,2024
La T y La M,71,turreo,3,Amor de Vago,Amor de Vago,2024
Ke Personajes,74,cumbia,1,Piel,GOTTI A,2024
Ke Personajes,74,cuarteto,1,Piel,GOTTI A,2024
Bizarrap,81,argentine trap,0,"Quevedo: Bzrp Music Sessions, Vol. 52","Quevedo: Bzrp Music Sessions, Vol. 52",2022
Bizarrap,81,trap latino,0,"Quevedo: Bzrp Music Sessions, Vol. 52","Quevedo: Bzrp Music Sessions, Vol. 52",2022
Bizarrap,81,urbano latino,0,"Quevedo: Bzrp Music Sessions, Vol. 52","Quevedo: Bzrp Music Sessions, Vol. 52",2022
Ovy On The Drums,85,reggaeton,0,La Plena - W Sound 05,La Plena (W Sound 05),2025
Ariana Grande,93,pop,17,we can't be friends (wait for your love),eternal sunshine,2024
Morat,83,colombian pop,7,Cuando Nadie Ve,Balas Perdidas,2018
Morat,83,latin pop,7,Cuando Nadie Ve,Balas Perdidas,2018
Maluma,87,reggaeton,11,+57,+57,2024
Maluma,87,latin,11,+57,+57,2024
Maluma,87,urbano latino,11,+57,+57,2024
Andr√©s Calamaro,72,argentine rock,30,Flaca,Alta Suciedad,1997
Andr√©s Calamaro,72,rock en espa√±ol,30,Flaca,Alta Suciedad,1997
Andr√©s Calamaro,72,latin rock,30,Flaca,Alta Suciedad,1997
Miranda!,73,latin pop,21,Perfecta,El Templo del Pop,2008
The La Planta,69,cumbia,0,Hoy,Hoy,2024
The La Planta,69,rkt,0,Hoy,Hoy,2024
The La Planta,69,cuarteto,0,Hoy,Hoy,2024
The La Planta,69,turreo,0,Hoy,Hoy,2024
Romeo Santos,85,bachata,8,Kh√©?,Cosa Nuestra,2024
Romeo Santos,85,bachata pop,8,Kh√©?,Cosa Nuestra,2024
Romeo Santos,85,latin,8,Kh√©?,Cosa Nuestra,2024
Dua Lipa,89,pop,8,Cold Heart - PNAU Remix,The Lockdown Sessions,2021
Angela Leiva,66,cuarteto,10,Llamadas Extra√±as,ANGELA LEIVA / Zapada EN VIVO en UN POCO DE RUIDO (En Vivo),2024
Angela Leiva,66,cumbia,10,Llamadas Extra√±as,ANGELA LEIVA / Zapada EN VIVO en UN POCO DE RUIDO (En Vivo),2024
Don Omar,85,reggaeton,12,Danza Kuduro,Meet The Orphans,2010
Don Omar,85,urbano latino,12,Danza Kuduro,Meet The Orphans,2010
Abel Pintos,68,folklore argentino,14,QUE ME FALTE TODO,QUE NOS FALTE TODO,2024
Abel Pintos,68,cuarteto,14,QUE ME FALTE TODO,QUE NOS FALTE TODO,2024
Camilo,82,colombian pop,5,Una Vida Pasada,cuatro,2024
Camilo,82,pop urbano,5,Una Vida Pasada,cuatro,2024
Sech,81,reggaeton,10,Priti,Priti,2025
Sech,81,urbano latino,10,Priti,Priti,2025
David Guetta,90,edm,16,I'm Good (Blue),I'm Good (Blue),2022
David Guetta,90,dance,16,I'm Good (Blue),I'm Good (Blue),2022
Manuel Turizo,84,reggaeton,4,En Privado,En Privado,2025
Manuel Turizo,84,pop urbano,4,En Privado,En Privado,2025
Manuel Turizo,84,latin,4,En Privado,En Privado,2025
Manuel Turizo,84,colombian pop,4,En Privado,En Privado,2025
SZA,93,r&b,7,luther (with sza),GNX,2024
Ed Sheeran,90,soft pop,18,Azizam,Azizam,2025
Lu√≠sa Sonza,77,brazilian pop,4,bunda üçë,bunda üçë,2025
Lu√≠sa Sonza,77,funk pop,4,bunda üçë,bunda üçë,2025
Lu√≠sa Sonza,77,funk,4,bunda üçë,bunda üçë,2025
Salastkbron,66,rkt,0,Tengo Una Cadena,Tengo Una Cadena,2025
Salastkbron,66,turreo,0,Tengo Una Cadena,Tengo Una Cadena,2025
Salastkbron,66,guaracha,0,Tengo Una Cadena,Tengo Una Cadena,2025
Sebastian Yatra,81,colombian pop,4,Vagabundo,Milagro,2025
Sebastian Yatra,81,reggaeton,4,Vagabundo,Milagro,2025
Ricardo Arjona,77,latin pop,25,Fuiste T√∫,Independiente,2011
Danny Ocean,82,reggaeton,5,Imag√≠nate,Imag√≠nate,2024
BTS,87,k-pop,21,FAKE LOVE,Love Yourself ËΩâ 'Tear',2018
Maroon 5,88,pop,16,Payphone,Overexposed Track By Track,2012
Luis Miguel,83,mariachi,32,Ahora Te Puedes Marchar,Soy Como Quiero Ser,1987
Luis Miguel,83,bolero,32,Ahora Te Puedes Marchar,Soy Como Quiero Ser,1987
Luis Miguel,83,latin pop,32,Ahora Te Puedes Marchar,Soy Como Quiero Ser,1987
Alejandro Sanz,80,latin pop,27,Amiga m√≠a,M√°s,1997
Calvin Harris,88,edm,7,We Found Love,Talk That Talk,2011
Karina,63,cumbia,10,SINVERG√úENZA - con Angela Torres,SINVERG√úENZA - con Angela Torres,2023
Karina,63,cuarteto,10,SINVERG√úENZA - con Angela Torres,SINVERG√úENZA - con Angela Torres,2023
Reik,78,latin pop,9,Yo Quisiera,Reik,2005
Adele,86,soft pop,4,Set Fire to the Rain,21,2011
JENNIE,88,k-pop,1,like JENNIE,Ruby,2025
Stray Kids,85,k-pop,21,Chk Chk Boom,ATE,2024
Katy Perry,87,pop,11,Last Friday Night (T.G.I.F.),Teenage Dream,2010
Selena Gomez,87,pop,6,Ojos Tristes (with The Mar√≠as),I Said I Love You First,2025
Charli xcx,87,hyperpop,12,party 4 u,how i'm feeling now,2020
Charli xcx,87,art pop,12,party 4 u,how i'm feeling now,2020
Man√°,79,rock en espa√±ol,25,Oye Mi Amor,¬øD√≥nde Jugar√°n Los Ni√±os?,1992
Man√°,79,latin rock,25,Oye Mi Amor,¬øD√≥nde Jugar√°n Los Ni√±os?,1992
Man√°,79,mexican rock,25,Oye Mi Amor,¬øD√≥nde Jugar√°n Los Ni√±os?,1992
Man√°,79,latin pop,25,Oye Mi Amor,¬øD√≥nde Jugar√°n Los Ni√±os?,1992
DJ Tao,63,rkt,0,P√âGATE,P√âGATE,2024
DJ Tao,63,turreo,0,P√âGATE,P√âGATE,2024
DJ Tao,63,cumbia,0,P√âGATE,P√âGATE,2024
Aventura,81,bachata,7,Ella Y Yo - Featuring Don Omar,God's Project,2005
Aventura,81,bachata pop,7,Ella Y Yo - Featuring Don Omar,God's Project,2005
Anitta,82,brazilian pop,9,S√£o Paulo (feat. Anitta),Hurry Up Tomorrow,2025
Anitta,82,funk pop,9,S√£o Paulo (feat. Anitta),Hurry Up Tomorrow,2025
Anitta,82,funk carioca,9,S√£o Paulo (feat. Anitta),Hurry Up Tomorrow,2025
Anitta,82,funk,9,S√£o Paulo (feat. Anitta),Hurry Up Tomorrow,2025
Anitta,82,pagode baiano,9,S√£o Paulo (feat. Anitta),Hurry Up Tomorrow,2025
Tainy,80,reggaeton,7,Callaita,Un Verano Sin Ti,2022
Joaqu√≠n Sabina,70,trova,34,19 Dias y 500 Noches,19 Dias Y 500 Noches,1999
Joaqu√≠n Sabina,70,singer-songwriter,34,19 Dias y 500 Noches,19 Dias Y 500 Noches,1999
Joaqu√≠n Sabina,70,nueva trova,34,19 Dias y 500 Noches,19 Dias Y 500 Noches,1999
Chayanne,76,latin pop,20,Bailando Bachata,Bailemos Otra Vez,2023
The Mar√≠as,86,bedroom pop,2,No One Noticed,Submarine,2024
Lil Wayne,89,rap,32,Love Me,I Am Not A Human Being II (Deluxe),2013
Lil Wayne,89,hip hop,32,Love Me,I Am Not A Human Being II (Deluxe),2013
Julieta Venegas,76,latin pop,12,Lo Siento BB:/,DATA,2023
Julieta Venegas,76,latin rock,12,Lo Siento BB:/,DATA,2023
Enrique Iglesias,81,latin pop,14,Bailando - Spanish Version,SEX AND LOVE,2015
Enrique Iglesias,81,latin,14,Bailando - Spanish Version,SEX AND LOVE,2015
Britney Spears,83,pop,11,Toxic,In The Zone,2003
Juanes,77,latin pop,17,Es Por Ti,Un D√≠a Normal,2002
Juanes,77,colombian pop,17,Es Por Ti,Un D√≠a Normal,2002
Juanes,77,rock en espa√±ol,17,Es Por Ti,Un D√≠a Normal,2002
Pablo Albor√°n,75,latin pop,12,Saturno,Prometo,2017
Cigarettes After Sex,86,dream pop,3,Apocalypse,Cigarettes After Sex,2017
Migrantes,63,cumbia,2,MERCHO,MERCHO,2022
Migrantes,63,cuarteto,2,MERCHO,MERCHO,2022
Migrantes,63,rkt,2,MERCHO,MERCHO,2022
Los Enanitos Verdes,74,rock en espa√±ol,23,Lamento Boliviano,Big Bang,1994
Los Enanitos Verdes,74,latin rock,23,Lamento Boliviano,Big Bang,1994
Los Enanitos Verdes,74,argentine rock,23,Lamento Boliviano,Big Bang,1994
Los Enanitos Verdes,74,mexican rock,23,Lamento Boliviano,Big Bang,1994
Los Enanitos Verdes,74,latin alternative,23,Lamento Boliviano,Big Bang,1994
Sam Smith,83,soft pop,12,I'm Not The Only One,In The Lonely Hour,2014
Damas Gratis,63,cumbia,15,Costumbres - Vivo,Costumbres (Vivo),2022
Damas Gratis,63,cuarteto,15,Costumbres - Vivo,Costumbres (Vivo),2022
Rodrigo,59,cuarteto,19,Ocho Cuarenta,Cuarteteando,1998
Rodrigo,59,cumbia,19,Ocho Cuarenta,Cuarteteando,1998
ROSAL√çA,78,latin,4,New Woman (feat. ROSAL√çA),Alter Ego,2025
Cristian Castro,74,latin pop,20,No Podras,Agua Nueva,1992
Prince Royce,77,bachata,10,Coraz√≥n Sin Cara,Prince Royce,2010
Prince Royce,77,latin,10,Coraz√≥n Sin Cara,Prince Royce,2010
Prince Royce,77,bachata pop,10,Coraz√≥n Sin Cara,Prince Royce,2010
Avicii,84,edm,7,Wake Me Up,True,2013
OneRepublic,85,soft pop,12,Counting Stars,Native,2013
La Oreja de Van Gogh,74,latin pop,16,Rosas,Lo Que Te Conte Mientras Te Hacias La Dormida,2003
Marc Anthony,79,salsa,20,Volver,Volver,2025
Marc Anthony,79,salsa romantica,20,Volver,Volver,2025
Marc Anthony,79,merengue,20,Volver,Volver,2025
Marc Anthony,79,bachata,20,Volver,Volver,2025
Marc Anthony,79,latin,20,Volver,Volver,2025
Marama,61,cumbia,3,"Hasta La Luna (feat. Meri Deal, Marama) - Remix","Hasta La Luna (feat. Meri Deal, Marama) [Remix]",2024
Marama,61,cuarteto,3,"Hasta La Luna (feat. Meri Deal, Marama) - Remix","Hasta La Luna (feat. Meri Deal, Marama) [Remix]",2024
Ti√´sto,83,edm,50,Thank You (Not So Bad),Thank You (Not So Bad),2023
Ti√´sto,83,trance,50,Thank You (Not So Bad),Thank You (Not So Bad),2023
Ti√´sto,83,big room,50,Thank You (Not So Bad),Thank You (Not So Bad),2023
Ti√´sto,83,house,50,Thank You (Not So Bad),Thank You (Not So Bad),2023
Ti√´sto,83,dance,50,Thank You (Not So Bad),Thank You (Not So Bad),2023
Nestor En Bloque,60,cumbia,14,Una Calle Nos Separa,Mi √önico Amor,2004
Nestor En Bloque,60,cuarteto,14,Una Calle Nos Separa,Mi √önico Amor,2004
Camila,75,latin pop,9,Todo Cambi√≥,Todo Cambio,2006
Jesse & Joy,75,latin pop,13,Dueles,Un Besito M√°s,2015
ROS√â,84,k-pop,1,APT.,rosie,2024
Jimin,83,k-pop,3,Who,MUSE,2024
Snoop Dogg,84,g-funk,38,"Young, Wild & Free (feat. Bruno Mars)","Young, Wild & Free (feat. Bruno Mars)",2011
Snoop Dogg,84,west coast hip hop,38,"Young, Wild & Free (feat. Bruno Mars)","Young, Wild & Free (feat. Bruno Mars)",2011
Snoop Dogg,84,gangster rap,38,"Young, Wild & Free (feat. Bruno Mars)","Young, Wild & Free (feat. Bruno Mars)",2011
Snoop Dogg,84,hip hop,38,"Young, Wild & Free (feat. Bruno Mars)","Young, Wild & Free (feat. Bruno Mars)",2011
Snoop Dogg,84,rap,38,"Young, Wild & Free (feat. Bruno Mars)","Young, Wild & Free (feat. Bruno Mars)",2011
Marshmello,83,edm,5,Happier,Happier,2018
50 Cent,85,east coast hip hop,7,In Da Club,Get Rich Or Die Tryin',2003
Ricky Martin,74,latin pop,15,Livin' la Vida Loca,Ricky Martin,1999
Ricky Martin,74,latin,15,Livin' la Vida Loca,Ricky Martin,1999
Luis Fonsi,76,latin,16,Despacito,VIDA,2019
Sean Paul,84,dancehall,11,No Lie,Mad Love The Prequel,2018
Wiz Khalifa,84,rap,35,The Thrill,The Thrill (feat. Empire of the Sun),2020
Jin,81,k-pop,6,Running Wild,Happy - :') (Remixes),2024
Jung Kook,82,k-pop,2,Seven (feat. Latto) (Explicit Ver.),GOLDEN,2023
Juan Luis Guerra 4.40,77,merengue,24,Cuando Me Enamoro,Euphoria,2010
Juan Luis Guerra 4.40,77,bachata,24,Cuando Me Enamoro,Euphoria,2010
Juan Luis Guerra 4.40,77,salsa,24,Cuando Me Enamoro,Euphoria,2010
j-hope,80,k-pop,3,MONA LISA,MONA LISA,2025
j-hope,80,k-rap,3,MONA LISA,MONA LISA,2025
Becky G,78,reggaeton,4,MAMIII,ESQUEMAS,2022
Becky G,78,latin,4,MAMIII,ESQUEMAS,2022
Rodrigo Tapari,60,cumbia,6,Es Tan Grande Este Amor,Es Tan Grande Este Amor,2019
Rodrigo Tapari,60,cuarteto,6,Es Tan Grande Este Amor,Es Tan Grande Este Amor,2019
JAY-Z,85,hip hop,22,Empire State Of Mind,The Blueprint 3,2009
JAY-Z,85,east coast hip hop,22,Empire State Of Mind,The Blueprint 3,2009
JAY-Z,85,rap,22,Empire State Of Mind,The Blueprint 3,2009
Pushi,58,cumbia,0,Si Esta Casa Hablara,Si Esta Casa Hablara,2023
Pushi,58,cuarteto,0,Si Esta Casa Hablara,Si Esta Casa Hablara,2023
Pushi,58,rkt,0,Si Esta Casa Hablara,Si Esta Casa Hablara,2023
Pushi,58,turreo,0,Si Esta Casa Hablara,Si Esta Casa Hablara,2023
Ha*Ash,77,latin pop,11,Lo Aprend√≠ de Ti - HA-ASH Primera Fila - Hecho Realidad [En Vivo],HA-ASH Primera Fila - Hecho Realidad,2014
Zoe Gotusso,58,latin indie,2,Carta Para No Llorar,Carta Para No Llorar,2023
Carlos Rivera,72,latin pop,13,Que Lo Nuestro Se Quede Nuestro,Yo Creo,2016
David Bisbal,71,latin pop,24,D√≠gale,Corazon Latino,2002
Coti,62,argentine rock,11,Color Esperanza 2020,Color Esperanza 2020,2020
Coti,62,latin pop,11,Color Esperanza 2020,Color Esperanza 2020,2020
Roze Oficial,58,rkt,1,ROZE | DJ TAO Turreo Sessions #22,ROZE | DJ TAO Turreo Sessions #22,2023
Roze Oficial,58,turreo,1,ROZE | DJ TAO Turreo Sessions #22,ROZE | DJ TAO Turreo Sessions #22,2023
Roze Oficial,58,cumbia,1,ROZE | DJ TAO Turreo Sessions #22,ROZE | DJ TAO Turreo Sessions #22,2023
Roze Oficial,58,cuarteto,1,ROZE | DJ TAO Turreo Sessions #22,ROZE | DJ TAO Turreo Sessions #22,2023
Alan Gomez,61,rkt,1,TURRA,TURRA,2021
Alan Gomez,61,turreo,1,TURRA,TURRA,2021
Kany Garc√≠a,75,latin pop,13,Te Lo Agradezco,Lo M√°s Escuchado del 2023,2023
NATTI NATASHA,75,reggaeton,6,Criminal,Criminal,2017
NATTI NATASHA,75,latin,6,Criminal,Criminal,2017
NATTI NATASHA,75,urbano latino,6,Criminal,Criminal,2017
NATTI NATASHA,75,bachata,6,Criminal,Criminal,2017
Carlos Vives,75,colombian pop,20,La Bicicleta,VIVES,2017
Carlos Vives,75,vallenato,20,La Bicicleta,VIVES,2017
Carlos Vives,75,latin,20,La Bicicleta,VIVES,2017
Carlos Vives,75,latin pop,20,La Bicicleta,VIVES,2017
Sebastian Mendoza,57,cumbia norte√±a,18,No Aguanto M√°s,No Aguanto M√°s,2021
Sebastian Mendoza,57,cumbia,18,No Aguanto M√°s,No Aguanto M√°s,2021
Sebastian Mendoza,57,cuarteto,18,No Aguanto M√°s,No Aguanto M√°s,2021
Diego Torres,65,latin pop,14,Color Esperanza,Un Mundo Diferente,2001
Diego Torres,65,colombian pop,14,Color Esperanza,Un Mundo Diferente,2001
Piso 21,75,reggaeton,7,Volver,Volver,2025
Piso 21,75,colombian pop,7,Volver,Volver,2025
Piso 21,75,pop urbano,7,Volver,Volver,2025
Melendi,76,flamenco,16,Tu jard√≠n con enanitos,L√°grimas desordenadas,2012
Melendi,76,flamenco pop,16,Tu jard√≠n con enanitos,L√°grimas desordenadas,2012
Kygo,82,tropical house,7,Whatever,KYGO,2024
Jul,86,pop urbaine,32,Ph√©nom√©nal,D&P √† vie,2025
Mat√≠as Valdez,58,cuarteto,2,Latidos,Latidos,2022
Mat√≠as Valdez,58,cumbia,2,Latidos,Latidos,2022
Los Fabulosos Cadillacs,69,rock en espa√±ol,17,Vasos Vac√≠os - Remasterizado 2008,El Ritmo Mundial,1988
Los Fabulosos Cadillacs,69,latin rock,17,Vasos Vac√≠os - Remasterizado 2008,El Ritmo Mundial,1988
Los Fabulosos Cadillacs,69,ska,17,Vasos Vac√≠os - Remasterizado 2008,El Ritmo Mundial,1988
Los Fabulosos Cadillacs,69,argentine rock,17,Vasos Vac√≠os - Remasterizado 2008,El Ritmo Mundial,1988
Los Fabulosos Cadillacs,69,latin alternative,17,Vasos Vac√≠os - Remasterizado 2008,El Ritmo Mundial,1988
Los Fabulosos Cadillacs,69,mexican ska,17,Vasos Vac√≠os - Remasterizado 2008,El Ritmo Mundial,1988
James Arthur,82,soft pop,8,Say You Won't Let Go,Back from the Edge,2016
LISA,82,k-pop,1,Born Again (feat. Doja Cat & RAYE),Alter Ego,2025
Natalia Lafourcade,75,latin folk,16,Hasta la Ra√≠z,Hasta la Ra√≠z (Edici√≥n Especial),2015
Natalia Lafourcade,75,bolero,16,Hasta la Ra√≠z,Hasta la Ra√≠z (Edici√≥n Especial),2015
Natalia Lafourcade,75,latin indie,16,Hasta la Ra√≠z,Hasta la Ra√≠z (Edici√≥n Especial),2015
Natalia Lafourcade,75,latin alternative,16,Hasta la Ra√≠z,Hasta la Ra√≠z (Edici√≥n Especial),2015
MYA,61,cuarteto,3,MYA LIVE P3: Qu√© Pasar√°,MYA LIVE P3: Qu√© Pasar√°,2023
Sin Bandera,73,latin pop,8,Que Lloro,De Viaje,2003
Alejandro Fern√°ndez,78,mariachi,27,Me Dediqu√© a Perderte,A Coraz√≥n Abierto,2004
Alejandro Fern√°ndez,78,ranchera,27,Me Dediqu√© a Perderte,A Coraz√≥n Abierto,2004
Alejandro Fern√°ndez,78,latin pop,27,Me Dediqu√© a Perderte,A Coraz√≥n Abierto,2004
Alejandro Fern√°ndez,78,bolero,27,Me Dediqu√© a Perderte,A Coraz√≥n Abierto,2004
USHER,83,r&b,15,Yeah! (feat. Lil Jon & Ludacris),Confessions (Expanded Edition),2004
Marco Antonio Sol√≠s,77,grupera,17,Acepto Mi Derrota,Rosas Y Bombones Con Marco Antonio Sol√≠s,2025
Marco Antonio Sol√≠s,77,mariachi,17,Acepto Mi Derrota,Rosas Y Bombones Con Marco Antonio Sol√≠s,2025
Marco Antonio Sol√≠s,77,ranchera,17,Acepto Mi Derrota,Rosas Y Bombones Con Marco Antonio Sol√≠s,2025
Marco Antonio Sol√≠s,77,latin pop,17,Acepto Mi Derrota,Rosas Y Bombones Con Marco Antonio Sol√≠s,2025
Skrillex,79,dubstep,6,Where Are √ú Now (with Justin Bieber),Skrillex and Diplo present Jack √ú,2015
Skrillex,79,edm,6,Where Are √ú Now (with Justin Bieber),Skrillex and Diplo present Jack √ú,2015
Skrillex,79,electro,6,Where Are √ú Now (with Justin Bieber),Skrillex and Diplo present Jack √ú,2015
Skrillex,79,electronic,6,Where Are √ú Now (with Justin Bieber),Skrillex and Diplo present Jack √ú,2015
Haze,69,reggaeton,0,Amanece,Amanece,2018
ENHYPEN,81,k-pop,6,Bite Me,DARK BLOOD,2023
TWICE,80,k-pop,23,Strategy (feat. Megan Thee Stallion),STRATEGY,2024
Paramore,82,pop punk,9,Hard Times,After Laughter,2017
Paramore,82,emo,9,Hard Times,After Laughter,2017
Paramore,82,emo pop,9,Hard Times,After Laughter,2017
Ricardo Montaner,70,latin pop,36,Tan Enamorados,Ricardo Montaner Con La London Metropolitan Orchestra,1990
Angela Torres,59,cuarteto,0,SINVERG√úENZA - con Angela Torres,SINVERG√úENZA - con Angela Torres,2023
Robin Schulz,80,tropical house,5,Waves - Robin Schulz Radio Edit,Waves (Robin Schulz Radio Edit),2014
Mau y Ricky,70,reggaeton,4,Desconocidos,Para Aventuras y Curiosidades,2019
Mau y Ricky,70,latin pop,4,Desconocidos,Para Aventuras y Curiosidades,2019
Mau y Ricky,70,pop urbano,4,Desconocidos,Para Aventuras y Curiosidades,2019
Roman El Original,55,cumbia,14,Amor De Chat - Remix,Amor De Chat (Remix),2024
Roman El Original,55,cuarteto,14,Amor De Chat - Remix,Amor De Chat (Remix),2024
Lost Frequencies,79,tropical house,7,Black Friday (pretty like the sun),Black Friday (pretty like the sun),2024
Chano,55,argentine rock,3,Claramente,El Otro,2018
Clairo,82,bedroom pop,3,Juna,Charm,2024
Alex Ubago,69,latin pop,13,Aunque no te pueda ver,Fantas√≠a o realidad,2003
Lewis Capaldi,79,soft pop,4,Someone You Loved,Divinely Uninspired To A Hellish Extent,2019
Charlie Puth,80,soft pop,5,We Don't Talk Anymore (feat. Selena Gomez),Nine Track Mind (Special Edition),2015
Charlie Puth,80,pop,5,We Don't Talk Anymore (feat. Selena Gomez),Nine Track Mind (Special Edition),2015
BLACKPINK,80,k-pop,7,Pink Venom,BORN PINK,2022
beabadoobee,82,bedroom pop,8,the perfect pair,Beatopia,2022
Laura Pausini,73,latin pop,37,Se Fue,Cosa Nuestra,2024
Laura Pausini,73,italo dance,37,Se Fue,Cosa Nuestra,2024
j mena,55,cuarteto,3,SINVERG√úENZA - con Angela Torres,SINVERG√úENZA - con Angela Torres,2023
j mena,55,cumbia,3,SINVERG√úENZA - con Angela Torres,SINVERG√úENZA - con Angela Torres,2023
Max Carra,57,cumbia,0,UWAIE - versi√≥n cumbia,UWAIE (versi√≥n cumbia),2024
Max Carra,57,cuarteto,0,UWAIE - versi√≥n cumbia,UWAIE (versi√≥n cumbia),2024
Alicia Keys,80,r&b,26,If I Ain't Got You,The Diary Of Alicia Keys,2003
Alicia Keys,80,neo soul,26,If I Ain't Got You,The Diary Of Alicia Keys,2003
Bomba Est√©reo,73,latin alternative,9,Ojitos Lindos,Un Verano Sin Ti,2022
Burna Boy,81,afrobeats,8,WE PRAY,Moon Music (Full Moon Edition),2024
Burna Boy,81,afrobeat,8,WE PRAY,Moon Music (Full Moon Edition),2024
Burna Boy,81,afropop,8,WE PRAY,Moon Music (Full Moon Edition),2024
Burna Boy,81,afroswing,8,WE PRAY,Moon Music (Full Moon Edition),2024
Burna Boy,81,dancehall,8,WE PRAY,Moon Music (Full Moon Edition),2024
Burna Boy,81,afropiano,8,WE PRAY,Moon Music (Full Moon Edition),2024
LE SSERAFIM,81,k-pop,2,HOT,HOT (English ver.) (feat. JADE),2025
Jarabe De Palo,70,rock en espa√±ol,15,La flaca,La Flaca,1996
Jarabe De Palo,70,latin rock,15,La flaca,La Flaca,1996
Jarabe De Palo,70,latin alternative,15,La flaca,La Flaca,1996
GIMS,83,french pop,13,NINAO,LE NORD SE SOUVIENT : L'ODYSS√âE,2025
GIMS,83,pop urbaine,13,NINAO,LE NORD SE SOUVIENT : L'ODYSS√âE,2025
Cali Y El Dandee,69,colombian pop,5,Por Fin Te Encontr√©,Por Fin Te Encontr√©,2015
Cali Y El Dandee,69,pop urbano,5,Por Fin Te Encontr√©,Por Fin Te Encontr√©,2015
Cali Y El Dandee,69,reggaeton,5,Por Fin Te Encontr√©,Por Fin Te Encontr√©,2015
Hernan y La Champion's Liga,55,cumbia,4,Desp√≥jate Vol.2,Desp√≥jate Vol.2,2024
Hernan y La Champion's Liga,55,cuarteto,4,Desp√≥jate Vol.2,Desp√≥jate Vol.2,2024
PinkPantheress,80,bedroom pop,4,Pain,to hell with it,2021
The Offspring,79,punk,13,The Kids Aren't Alright,Americana,1998
The Offspring,79,skate punk,13,The Kids Aren't Alright,Americana,1998
Lil Durk,82,drill,29,Laugh Now Cry Later (feat. Lil Durk),Laugh Now Cry Later (feat. Lil Durk),2020
Diplo,79,moombahton,14,Forever (feat. Malou & Yuna),Forever (feat. Malou & Yuna),2024
Fall Out Boy,80,emo,13,Centuries,American Beauty/American Psycho,2015
Fall Out Boy,80,pop punk,13,Centuries,American Beauty/American Psycho,2015
Fall Out Boy,80,emo pop,13,Centuries,American Beauty/American Psycho,2015
Pedro Cap√≥,69,latin pop,7,Calma - Remix,MUNAY,2020
Pedro Cap√≥,69,latin,7,Calma - Remix,MUNAY,2020
Mariah Carey,80,christmas,22,Obsessed,Memoirs of an imperfect Angel (International Version),2009
Thalia,70,latin pop,27,El Ultimo Adi√≥s - Varios Artistas Version,El Ultimo Adi√≥s,2001
blink-182,79,pop punk,13,All The Small Things,Enema Of The State,1999
blink-182,79,punk,13,All The Small Things,Enema Of The State,1999
blink-182,79,emo pop,13,All The Small Things,Enema Of The State,1999
blink-182,79,rock,13,All The Small Things,Enema Of The State,1999
blink-182,79,skate punk,13,All The Small Things,Enema Of The State,1999
blink-182,79,emo,13,All The Small Things,Enema Of The State,1999
Mrs. GREEN APPLE,83,j-pop,8,„ÇØ„Çπ„Ç∑„Ç≠,„ÇØ„Çπ„Ç∑„Ç≠,2025
Mrs. GREEN APPLE,83,anime,8,„ÇØ„Çπ„Ç∑„Ç≠,„ÇØ„Çπ„Ç∑„Ç≠,2025
Mrs. GREEN APPLE,83,j-rock,8,„ÇØ„Çπ„Ç∑„Ç≠,„ÇØ„Çπ„Ç∑„Ç≠,2025
My Chemical Romance,79,emo,8,Teenagers,The Black Parade,2006
My Chemical Romance,79,pop punk,8,Teenagers,The Black Parade,2006
My Chemical Romance,79,emo pop,8,Teenagers,The Black Parade,2006
Florence + The Machine,80,baroque pop,14,Dog Days Are Over,Lungs (Deluxe Version),2009
TOMORROW X TOGETHER,79,k-pop,9,Love Language,Love Language,2025
Vilma Palma e Vampiros,66,rock en espa√±ol,12,Bye Bye,La Pachanga,1991
Vilma Palma e Vampiros,66,latin rock,12,Bye Bye,La Pachanga,1991
Vilma Palma e Vampiros,66,argentine rock,12,Bye Bye,La Pachanga,1991
Jelly Roll,82,country hip hop,24,Liar,Beautifully Broken,2024
Jelly Roll,82,country,24,Liar,Beautifully Broken,2024
a-ha,74,new wave,18,Take on Me,Hunting High and Low,1985
a-ha,74,synthpop,18,Take on Me,Hunting High and Low,1985
Tears For Fears,75,new wave,15,Everybody Wants To Rule The World,Songs From The Big Chair (Super Deluxe Edition),1985
Tears For Fears,75,synthpop,15,Everybody Wants To Rule The World,Songs From The Big Chair (Super Deluxe Edition),1985
NewJeans,79,k-pop,1,New Jeans,NewJeans 'Super Shy',2023
Wizkid,81,afrobeats,7,Gimme Dat (feat. Wizkid),Gimme Dat,2025
Wizkid,81,afrobeat,7,Gimme Dat (feat. Wizkid),Gimme Dat,2025
Wizkid,81,afropop,7,Gimme Dat (feat. Wizkid),Gimme Dat,2025
Wizkid,81,azonto,7,Gimme Dat (feat. Wizkid),Gimme Dat,2025
Wizkid,81,afroswing,7,Gimme Dat (feat. Wizkid),Gimme Dat,2025
Wizkid,81,afropiano,7,Gimme Dat (feat. Wizkid),Gimme Dat,2025
Sfera Ebbasta,82,italian trap,7,NEON,SANTANA MONEY GANG,2025
Sfera Ebbasta,82,trap,7,NEON,SANTANA MONEY GANG,2025
Alok,79,brazilian bass,1,Deep Down (feat. Never Dull),Deep Down (feat. Never Dull),2022
Alok,79,electronic,1,Deep Down (feat. Never Dull),Deep Down (feat. Never Dull),2022
Alok,79,slap house,1,Deep Down (feat. Never Dull),Deep Down (feat. Never Dull),2022
Alok,79,electro house,1,Deep Down (feat. Never Dull),Deep Down (feat. Never Dull),2022
Ado,78,j-pop,6,Take Me to the Beach (feat. Ado),Take Me to the Beach (feat. Ado),2024
Ado,78,anime,6,Take Me to the Beach (feat. Ado),Take Me to the Beach (feat. Ado),2024
Ado,78,vocaloid,6,Take Me to the Beach (feat. Ado),Take Me to the Beach (feat. Ado),2024
Ado,78,j-rock,6,Take Me to the Beach (feat. Ado),Take Me to the Beach (feat. Ado),2024
Bacilos,69,colombian pop,6,Caraluna,Caraluna,2002
Bacilos,69,latin pop,6,Caraluna,Caraluna,2002
Greeicy,71,colombian pop,3,Amantes,Amantes,2017
Greeicy,71,pop urbano,3,Amantes,Amantes,2017
aespa,79,k-pop,3,Whiplash,Whiplash - The 5th Mini Album,2024
Martin Garrix,77,edm,1,In the Name of Love,In the Name of Love,2016
Martin Garrix,77,electronica,1,In the Name of Love,In the Name of Love,2016
Martin Garrix,77,progressive house,1,In the Name of Love,In the Name of Love,2016
Ninho,82,pop urbaine,10,Triple V,Diamant Noir,2025
Sachin-Jigar,82,gujarati pop,30,Apna Bana Le,Bhediya (Original Motion Picture Soundtrack),2022
Sachin-Jigar,82,bollywood,30,Apna Bana Le,Bhediya (Original Motion Picture Soundtrack),2022
Sachin-Jigar,82,hindi pop,30,Apna Bana Le,Bhediya (Original Motion Picture Soundtrack),2022
Sachin-Jigar,82,desi,30,Apna Bana Le,Bhediya (Original Motion Picture Soundtrack),2022
Sachin-Jigar,82,gujarati garba,30,Apna Bana Le,Bhediya (Original Motion Picture Soundtrack),2022
Rombai,56,cumbia,3,Noche Loca,Todo Comenz√≥ Bailando,2015
Lucas Sugo,55,cumbia,11,Cinco minutos,Sin L√≠mites,2022
Lucas Sugo,55,cuarteto,11,Cinco minutos,Sin L√≠mites,2022
Sting,74,soft rock,35,Fields Of Gold,Ten Summoner's Tales,1993
Ludacris,79,southern hip hop,10,Tonight (I'm Fuckin' You),Euphoria,2010
Udit Narayan,82,bollywood,50,"Mere Mehboob Mere Sanam (From ""Bad Newz"")","Mere Mehboob Mere Sanam (From ""Bad Newz"")",2024
Udit Narayan,82,hindi pop,50,"Mere Mehboob Mere Sanam (From ""Bad Newz"")","Mere Mehboob Mere Sanam (From ""Bad Newz"")",2024
Udit Narayan,82,desi,50,"Mere Mehboob Mere Sanam (From ""Bad Newz"")","Mere Mehboob Mere Sanam (From ""Bad Newz"")",2024
The Lumineers,79,folk pop,8,Ho Hey,The Lumineers,2012
The Lumineers,79,indie folk,8,Ho Hey,The Lumineers,2012
Franco De Vita,70,latin pop,19,T√∫ de Qu√© Vas,Stop,2004
Rema,79,afrobeats,3,Calm Down (with Selena Gomez),Rave & Roses Ultra,2023
Rema,79,afrobeat,3,Calm Down (with Selena Gomez),Rave & Roses Ultra,2023
Rema,79,afropop,3,Calm Down (with Selena Gomez),Rave & Roses Ultra,2023
Rema,79,afropiano,3,Calm Down (with Selena Gomez),Rave & Roses Ultra,2023
Major Lazer,77,moombahton,13,Lean On (feat. M√ò & DJ Snake),Peace Is the Mission,2015
AURORA,76,norwegian pop,8,Runaway,All My Demons Greeting Me As A Friend (Deluxe),2016
AURORA,76,art pop,8,Runaway,All My Demons Greeting Me As A Friend (Deluxe),2016
SEVENTEEN,80,k-pop,10,"LOVE, MONEY, FAME (feat. DJ Khaled)","LOVE, MONEY, FAME (feat. DJ Khaled) (Timbaland Remix)",2024
C√©line Dion,77,vari√©t√© fran√ßaise,31,"Because You Loved Me (Theme from ""Up Close and Personal"")",Falling into You,1996
Swedish House Mafia,77,edm,3,Moth To A Flame (with The Weeknd),Paradise Again,2022
18 Kilates,54,cumbia,11,Me Olvid√© de Ti - Remix,Me Olvid√© de Ti (Remix),2025
18 Kilates,54,cuarteto,11,Me Olvid√© de Ti - Remix,Me Olvid√© de Ti (Remix),2025
Carla Morrison,73,latin indie,6,Disfruto,D√©jenme Llorar,2012
Peces Raros,55,latin indie,7,Cicuta - Remix,Cicuta (Remix),2022
Peces Raros,55,electronic rock,7,Cicuta - Remix,Cicuta (Remix),2022
DJ Alex,52,rkt,0,Ya No M√°s,Ya No M√°s,2019
DJ Alex,52,turreo,0,Ya No M√°s,Ya No M√°s,2019
DJ Alex,52,cumbia,0,Ya No M√°s,Ya No M√°s,2019
LUDMILLA,75,pagode,10,No_se_ve.mp3,No_se_ve.mp3,2023
LUDMILLA,75,brazilian pop,10,No_se_ve.mp3,No_se_ve.mp3,2023
LUDMILLA,75,funk pop,10,No_se_ve.mp3,No_se_ve.mp3,2023
LUDMILLA,75,pagode baiano,10,No_se_ve.mp3,No_se_ve.mp3,2023
LUDMILLA,75,funk,10,No_se_ve.mp3,No_se_ve.mp3,2023
LUDMILLA,75,funk carioca,10,No_se_ve.mp3,No_se_ve.mp3,2023
LUDMILLA,75,samba,10,No_se_ve.mp3,No_se_ve.mp3,2023
Masoom Sharma,81,haryanvi pop,4,Teri Ramjhol Bole Gi (feat. Kay D & Aarohi Raghav),Teri Ramjhol Bole Gi (feat. Kay D & Aarohi Raghav),2024
Duran Duran,72,new wave,23,Ordinary World,Duran Duran,1993
Duran Duran,72,synthpop,23,Ordinary World,Duran Duran,1993
Atif Aslam,81,bollywood,6,O Saathi,"O Saathi (From ""Baaghi 2"")",2018
Atif Aslam,81,hindi pop,6,O Saathi,"O Saathi (From ""Baaghi 2"")",2018
Atif Aslam,81,desi,6,O Saathi,"O Saathi (From ""Baaghi 2"")",2018
Atif Aslam,81,sufi,6,O Saathi,"O Saathi (From ""Baaghi 2"")",2018
Atif Aslam,81,qawwali,6,O Saathi,"O Saathi (From ""Baaghi 2"")",2018
Julio Iglesias,72,bolero,50,Me Olvide De Vivir,Begin the Beguine,1978
Jamiroquai,71,acid jazz,10,Virtual Insanity - Remastered 2006,Driving Songs,2005
Bon Iver,79,indie folk,6,exile (feat. Bon Iver),folklore,2020
Ela Taubert,67,colombian pop,1,¬øC√≥mo Pas√≥?,PREGUNTAS A LAS 11:11,2025
Eros Ramazzotti,72,italo dance,45,La Cosa Mas Bella,Donde Hay M√∫sica (Spanish Version),1996
Ana Castela,78,agronejo,2,Ilus√£o De √ìtica - Ao Vivo,Envolvente (Ao Vivo / Vol.2),2025
Ana Castela,78,sertanejo,2,Ilus√£o De √ìtica - Ao Vivo,Envolvente (Ao Vivo / Vol.2),2025
Ana Castela,78,sertanejo universit√°rio,2,Ilus√£o De √ìtica - Ao Vivo,Envolvente (Ao Vivo / Vol.2),2025
Ana Castela,78,piseiro,2,Ilus√£o De √ìtica - Ao Vivo,Envolvente (Ao Vivo / Vol.2),2025
Matheus & Kauan,80,sertanejo,14,Ilus√£o De √ìtica - Ao Vivo,Envolvente (Ao Vivo / Vol.2),2025
Matheus & Kauan,80,sertanejo universit√°rio,14,Ilus√£o De √ìtica - Ao Vivo,Envolvente (Ao Vivo / Vol.2),2025
Matheus & Kauan,80,arrocha,14,Ilus√£o De √ìtica - Ao Vivo,Envolvente (Ao Vivo / Vol.2),2025
Matheus & Kauan,80,agronejo,14,Ilus√£o De √ìtica - Ao Vivo,Envolvente (Ao Vivo / Vol.2),2025
Fer Palacio,52,rkt,0,Ya No M√°s,Ya No M√°s,2019
Fer Palacio,52,cumbia,0,Ya No M√°s,Ya No M√°s,2019
Fer Palacio,52,turreo,0,Ya No M√°s,Ya No M√°s,2019
Armin van Buuren,77,trance,27,This Is What It Feels Like,Intense,2013
Armin van Buuren,77,progressive trance,27,This Is What It Feels Like,Intense,2013
Armin van Buuren,77,progressive house,27,This Is What It Feels Like,Intense,2013
Armin van Buuren,77,electronica,27,This Is What It Feels Like,Intense,2013
Armin van Buuren,77,edm,27,This Is What It Feels Like,Intense,2013
Karan Aujla,81,punjabi pop,4,Wavy,Wavy,2024
Karan Aujla,81,punjabi hip hop,4,Wavy,Wavy,2024
Karan Aujla,81,bhangra,4,Wavy,Wavy,2024
Karan Aujla,81,desi hip hop,4,Wavy,Wavy,2024
Karan Aujla,81,desi,4,Wavy,Wavy,2024
John Legend,76,soft pop,18,All of Me,Love In The Future (Expanded Edition),2013
John Legend,76,neo soul,18,All of Me,Love In The Future (Expanded Edition),2013
Boza,70,reggaeton,4,ori√≥N,SAN BLAS,2025
Boza,70,urbano latino,4,ori√≥N,SAN BLAS,2025
Boza,70,pop urbano,4,ori√≥N,SAN BLAS,2025
Gente De Zona,72,latin,10,Bailando - Spanish Version,SEX AND LOVE,2015
Gente De Zona,72,latin dance,10,Bailando - Spanish Version,SEX AND LOVE,2015
Juan Gabriel,77,mariachi,50,Abr√°zame Muy Fuerte,Abr√°zame Muy Fuerte,2000
Juan Gabriel,77,ranchera,50,Abr√°zame Muy Fuerte,Abr√°zame Muy Fuerte,2000
Juan Gabriel,77,bolero,50,Abr√°zame Muy Fuerte,Abr√°zame Muy Fuerte,2000
Juan Gabriel,77,m√∫sica mexicana,50,Abr√°zame Muy Fuerte,Abr√°zame Muy Fuerte,2000
Panic! At The Disco,78,emo,9,High Hopes,Pray for the Wicked,2018
Djo,77,psychedelic pop,3,End of Beginning,DECIDE,2022
Fonseca,71,colombian pop,11,Te Mando Flores,Coraz√≥n,2005
Fonseca,71,latin pop,11,Te Mando Flores,Coraz√≥n,2005
Alphaville,74,synthpop,16,Forever Young,Forever Young,1984
Stromae,76,french pop,3,Ma Meilleure Ennemie (from the series Arcane League of Legends),Arcane League of Legends: Season 2 (Soundtrack from the Animated Series),2024
Ana Gabriel,75,mariachi,28,Qui√©n Como T√∫,Qui√©n Como t√∫,1990
Ana Gabriel,75,ranchera,28,Qui√©n Como T√∫,Qui√©n Como t√∫,1990
Alesso,76,edm,1,Never Going Home Tonight (feat. Madison Love),Never Going Home Tonight (feat. Madison Love),2024
El Polaco,52,cumbia,14,Deja De Llorar,Sigo Por El Objetivo,2007
El Polaco,52,cuarteto,14,Deja De Llorar,Sigo Por El Objetivo,2007
NF,79,christian hip hop,6,Let You Down,Perception,2017
El Reja,53,cumbia,1,Verano Maldito,Verano Maldito,2024
Kenia Os,74,reggaeton mexa,3,TOMMY & PAMELA,√âXODO,2024
Jos√© Luis Perales,69,trova,29,¬øY C√≥mo Es √âl?,Entre El Agua Y El Fuego,1982
Jos√© Luis Perales,69,bolero,29,¬øY C√≥mo Es √âl?,Entre El Agua Y El Fuego,1982
Gucci Mane,78,southern hip hop,50,Wake Up in the Sky,Evil Genius,2018
Gucci Mane,78,rap,50,Wake Up in the Sky,Evil Genius,2018
Gucci Mane,78,trap,50,Wake Up in the Sky,Evil Genius,2018
Belinda,72,latin pop,5,La Cuadrada,La Cuadrada,2025
Los Turros,51,cumbia,4,Loquita - Remix,Loquita (Remix),2024
Los Turros,51,rkt,4,Loquita - Remix,Loquita (Remix),2024
Los Turros,51,turreo,4,Loquita - Remix,Loquita (Remix),2024
Los Turros,51,cuarteto,4,Loquita - Remix,Loquita (Remix),2024
Paulina Rubio,69,latin pop,19,El Ultimo Adi√≥s - Varios Artistas Version,El Ultimo Adi√≥s,2001
Michael Bubl√©,74,christmas,19,Feeling Good,It's Time,2005
Zedd,77,edm,4,The Middle,The Middle,2018
Carlos Baute,65,latin pop,14,Colgando en tus manos (con Marta S√°nchez),De mi pu√±o y letra - Edicion Coleccionista,2009
La Kuppe,51,cumbia,2,Ojitos Chiquititos,Ojitos Chiquititos,2019
La Kuppe,51,cuarteto,2,Ojitos Chiquititos,Ojitos Chiquititos,2019
La Liga,51,cumbia,13,Hoy Te Vi,Gracia Divina,2013
La Liga,51,cuarteto,13,Hoy Te Vi,Gracia Divina,2013
Gloria Trevi,74,latin pop,27,Con los Ojos Cerrados,Me Siento Tan Sola,1992
Hindia,80,indonesian indie,3,Rumah Ke Rumah,Menari Dengan Bayangan,2019
Hindia,80,indonesian pop,3,Rumah Ke Rumah,Menari Dengan Bayangan,2019
Shiva,79,italian trap,9,NEON,SANTANA MONEY GANG,2025
Enya,73,new age,16,Only Time,A Day Without Rain,2000
Enya,73,celtic,16,Only Time,A Day Without Rain,2000
CNCO,67,reggaeton,7,Reggaet√≥n Lento (Bailemos),Primera Cita,2016
CNCO,67,latin,7,Reggaet√≥n Lento (Bailemos),Primera Cita,2016
R√≠o Roma,68,latin pop,5,Color Esperanza 2020,Color Esperanza 2020,2020
Rosana,61,trova,13,Si t√∫ no estas,Lunas rotas,1996
Marcela Morelo,52,latin pop,12,Lo Mismo Que A M√≠,Lo Mismo Que A M√≠,2024
Marcela Morelo,52,cumbia,12,Lo Mismo Que A M√≠,Lo Mismo Que A M√≠,2024
Vance Joy,76,folk pop,7,Riptide,Dream Your Life Away (Deluxe Edition),2014
Marka Akme,51,cumbia,0,Linda - Remix,Linda (Remix),2023
Marka Akme,51,rkt,0,Linda - Remix,Linda (Remix),2023
Marka Akme,51,turreo,0,Linda - Remix,Linda (Remix),2023
Elvis Crespo,68,merengue,19,Suavemente,Suavemente,1998
Elvis Crespo,68,latin dance,19,Suavemente,Suavemente,1998
Elvis Crespo,68,salsa,19,Suavemente,Suavemente,1998
Elvis Crespo,68,latin,19,Suavemente,Suavemente,1998
AFROJACK,75,edm,4,Give Me Everything (feat. Nayer),Planet Pit (Deluxe Version),2011
AFROJACK,75,big room,4,Give Me Everything (feat. Nayer),Planet Pit (Deluxe Version),2011
Bailey Zimmerman,79,country,1,All The Way (feat. Bailey Zimmerman),All The Way (feat. Bailey Zimmerman),2025
Lauana Prado,78,sertanejo,11,Saudade Burra - Ao Vivo,Transcende (Ao Vivo),2025
Lauana Prado,78,sertanejo universit√°rio,11,Saudade Burra - Ao Vivo,Transcende (Ao Vivo),2025
La Quinta Estacion,68,latin pop,6,El Sol No Regresa,Flores De Alquiler,2004
Juan Mag√°n,70,reggaeton,5,Por Fin Te Encontr√©,Por Fin Te Encontr√©,2015
Juan Mag√°n,70,latin,5,Por Fin Te Encontr√©,Por Fin Te Encontr√©,2015
Nene Malo,56,cumbia,3,Bailan Rochas y Chetas,Me Declaro Culpable,2012
Nene Malo,56,turreo,3,Bailan Rochas y Chetas,Me Declaro Culpable,2012
LOUTA,54,argentine trap,3,QUEREME,QUEREME,2022
Valentina Olguin,49,cuarteto,0,Aventura - En Vivo,Aventura (En Vivo),2024
Valentina Olguin,49,cumbia,0,Aventura - En Vivo,Aventura (En Vivo),2024
Papichamp,51,rkt,1,Turraka - Remix,Turraka (Remix),2021
Papichamp,51,turreo,1,Turraka - Remix,Turraka (Remix),2021
Papichamp,51,cumbia,1,Turraka - Remix,Turraka (Remix),2021
Tanishk Bagchi,79,bollywood,20,"Tu Hain Toh Main Hoon (From ""Sky Force"")","Tu Hain Toh Main Hoon (From ""Sky Force"")",2025
Tanishk Bagchi,79,hindi pop,20,"Tu Hain Toh Main Hoon (From ""Sky Force"")","Tu Hain Toh Main Hoon (From ""Sky Force"")",2025
Tanishk Bagchi,79,desi,20,"Tu Hain Toh Main Hoon (From ""Sky Force"")","Tu Hain Toh Main Hoon (From ""Sky Force"")",2025
Tanishk Bagchi,79,desi pop,20,"Tu Hain Toh Main Hoon (From ""Sky Force"")","Tu Hain Toh Main Hoon (From ""Sky Force"")",2025
Tanishk Bagchi,79,gujarati garba,20,"Tu Hain Toh Main Hoon (From ""Sky Force"")","Tu Hain Toh Main Hoon (From ""Sky Force"")",2025
Miguel Bos√©,73,latin pop,45,Si t√∫ no vuelves,Bajo El Signo De Ca√≠n,1993
Calum Scott,75,soft pop,3,Where Are You Now,All Stand Together,2023
T.I.,78,southern hip hop,17,Live Your Life,Paper Trail,2008
Jason Mraz,74,soft pop,21,I'm Yours,We Sing. We Dance. We Steal Things. (Bonus Tracks Version),2008
Jason Mraz,74,acoustic pop,21,I'm Yours,We Sing. We Dance. We Steal Things. (Bonus Tracks Version),2008
KATSEYE,75,k-pop,0,Gnarly,Gnarly,2025
Davido,79,afrobeats,5,With You (feat. Omah Lay),5ive,2025
Davido,79,afrobeat,5,With You (feat. Omah Lay),5ive,2025
Davido,79,afropop,5,With You (feat. Omah Lay),5ive,2025
Davido,79,afropiano,5,With You (feat. Omah Lay),5ive,2025
Davido,79,azonto,5,With You (feat. Omah Lay),5ive,2025
Davido,79,amapiano,5,With You (feat. Omah Lay),5ive,2025
Davido,79,hiplife,5,With You (feat. Omah Lay),5ive,2025
Davido,79,afroswing,5,With You (feat. Omah Lay),5ive,2025
Chino & Nacho,67,merengue,8,Andas En Mi Cabeza,Andas En Mi Cabeza,2016
Chino & Nacho,67,reggaeton,8,Andas En Mi Cabeza,Andas En Mi Cabeza,2016
Chino & Nacho,67,latin,8,Andas En Mi Cabeza,Andas En Mi Cabeza,2016
